@RBI @RBI_India @TheOfficialSBI @ICICIBank  @DasShaktikanta @FinMinIndia  Issue Cash Cards of Rs20000  to All Debit Cardholders,miscellaneous
@BT_India @IndiaToday @ICICIBank @TheOfficialSBI @RBI @RBI_India @FinMinIndia @DasShaktikanta @PMOIndia  Need Descipline &amp;Efficiency,displeasure
@RBI_India @arunjaitley @PMOIndiaModi @TheOfficialSBI Pls Refill ATM's at night also to resolve liquidity issue. 80% people will be happy :),displeasure
@RBI_India @TheOfficialSBI utter chaos at ATM's...sir can't u press multiple mobile ATM's into service at various places in cities&amp; towns,displeasure
@RBI_India @RBI @TheOfficialSBI Banking Hrs 10 to 3 for SBI Majhiawan (Code 17074). No Cash. Atm not working 1/2,displeasure
"@RBI In Assam all banks are exchanging 4000/- once only. If exchanged  yesterday, today refused by banks. Kindly interven @TheOfficialSBI",displeasure
"@RBI @HDFC_Bank @HDFCBank_Cares  @HDFCBankNews  ATMs at Kamothe, Navi Mumbai not working-all of them.",displeasure
"@vikramwkarve @TheOfficialSBI @RBI @PMOIndia @FinMinIndia clean up, modi from pm post, or clean up, cash.",miscellaneous
@HDFCBank_Cares @HDFC_Bank receiving #scam #phishing calls frm Delhi +918750029887 for CVV @RBI @DelhiPolice @CybercrimeCID pls take action,displeasure
@AmhiDombivlikar @HDFC_Bank @ICICIBank @TheOfficialSBI @IDBI_Bank @DnsBank - have you notified @RBI ? @vineetjaintimes,miscellaneous
@RBI @HDFCBank_Cares  Withdrawal from my own a/c requires an ID proof (which is OK) + a photocopy of the proof for bank records? Why?,displeasure
RT @indian8money: @AxisBankSupport means u know that u will not revert again I have to ping worrest service  @RBI @arunjaitley @PMOIndia @n,displeasure
@HDFCBank_Cares @RBI @timesofindia still no reply #helpless,displeasure
@TheOfficialSBI @arunjaitley @RBI plz make it sure that bank can nt use others  unsigned I'd for conversion of blac https://t.co/dcWSPAZB0n,miscellaneous
"@PMOIndia @narendramodi @RBI @HDFCBank_Cares @HDFC_Bank when will ATMs reopen??? Pocket empty, no cash , need to withdraw ??",displeasure
"@FinMinIndia @arunjaitley @TheOfficialSBI @RBI issue guidelines 2 banks, sep Q 4 teller(depo/w/d),low deno ex,new notes,ladies n sn.citizens",miscellaneous
"@narendramodi @RBI @AxisBank @AxisBankSupport what type of thing is itFrom 10/11/16
Till date axisbank jamuria branch havnt exchnge ny money",displeasure
"@TheOfficialSBI it's crisis like situation and banks nt ready. mere extension of working hrs will not pay dividend.
@RBI",displeasure
@ICICIBank_Care @PMOIndia @RBI Is Gurgaon sector 46 not prominent location. they operating 10 to 5 PM.,miscellaneous
@TheOfficialSBI is it too many rumors spread by this guy or true? @mediacrooks @RBI @FinMinIndia @narendramodi https://t.co/m6XPQoJWbQ,miscellaneous
"@RBI @TheOfficialSBI 
Please get the ATM's working by Monday at the latest. Else it will be a total mess.",miscellaneous
"Sir @arunjaitley @FinMinIndia @HMOIndia @TheOfficialSBI @RBI plz
@PMOIndia @narendramodi 
 open following link
https://t.co/JHgVNlxgLH",miscellaneous
@RBI @TheOfficialSBI @ICICIBank @arunjaitley RBI's website says Monday is holiday for banks. Why has this not been changed yet?,displeasure
"Why still bank ATM'S r not working.When @narendramodi Has announced
@arunjaitley @RBI @TheOfficialSBI @ICICIBank @HDFC_Bank @AxisBankSupport",displeasure
"@monstermanojit @the_hindu @RBI @TheHindu @TheOfficialSBI  claims no money for withdrawal here in vishwranthwadi, Pune",miscellaneous
"@ICICIBank_Care @ICICIBank @RBI Dear ICICI bank , please don't mislead people by sending message that ATM are working.",displeasure
@ICICIBank_Care sir currency exchange service totaly stopped in ur DABRA Branch &amp; staff also misbehaving with customer. do the needful @RBI,displeasure
"@romanaisarkhan @RBI @arunjaitley @jayantsinha @FinMinIndia
PlzRT&amp;GuideAll
#DontWriteOnNewNotes  
@TheOfficialSBI https://t.co/tdpsTmTXg2",miscellaneous
"@vikramwkarve @manishkinhikar sir pls don't share dreams, come to reality @TheOfficialSBI @RBI @PMOIndia @FinMinIndia",miscellaneous
Is the bank open on 14/11/2016 or not. @RBI @FinMinIndia @TheOfficialSBI @arunjaitley @PMOIndia @ICICIBank,miscellaneous
When will be the new 500 notes available ?with only 2000 things won't work . @TheOfficialSBI @RBI @FinMinIndia @arunjaitley @jayantsinha,miscellaneous
"@arunjaitley @TheOfficialSBI Jamshedpur branch 00096 say MONEY EXCHANGE will b done fr ACCOUNT HOLDER in der bank, @RBI guideline VIOLATION",miscellaneous
@HDFC_Bank @TheOfficialSBI @FinMinIndia @RBI ATMs still not functional.. Now becoming painful,displeasure
RT @ajavgal: @PMOIndia @CMofKarnataka @RBI @TheOfficialSBI so Kannadigas shd learn Hindi/Eng to get assistance frm SBI? https://t.co/tnQyT9,miscellaneous
"RT @arjunrammeghwal: We have informed the officials concerned in @HDFC_Bank  &amp; @TheOfficialSBI they are on the job !

@RBI @FinMinIndia htt",miscellaneous
@kiran_patniak @ICICIBank @RBI @TheOfficialSBI @ndtvindiaDeposit old currency is takes5-6 hours inQue&amp;withdrawal is  like.a begging@htTweets,displeasure
@narendramodi @RBI @sidgsh1 @abpnewstv @TimesNow @TheOfficialSBI   sir what will the procedure to return the currency #BlackMoney,miscellaneous
@centerofright @ICICIBank_Care @RBI I have seen it @IndiaPostOffice also.,miscellaneous
@KotakBankLtd why are u allowing only your bank account holders to withdraw money in  ATM in #chennai #porur?? #Demonitisation @RBI,displeasure
@RBI @TheOfficialSBI currency exchange  form are in English only.Shud be in every indian language for ease of common man. @narendramodi,displeasure
"@ICICIBank @HDFC_Bank @TheOfficialSBI @KotakBankLtd @YESBANK @MyIndusIndBank @RBI @narendramodi no cash in ATMs, send cash in all ATMs.",displeasure
"#___ @narendramodi @arunjaitley @RBI @TheOfficialSBI Long queues, non performing-slow bank staff,cashless #ATMs.Do something",displeasure
@arunjaitley @CMOMaharashtra @Dev_Fadnavis @TimesNow @TOIIndiaNews @RBI @TheOfficialSBI @ArvindKejriwal  @ZeeNews https://t.co/qLze8NsB1B,miscellaneous
@KotakBankLtd @RBI @narendramodi @aajtak @ZeeNews @ndtvindia i hope ur branch stop doing this..,displeasure
@RBI @ICICIBank_Care @ICICIBank if we ignore small issue then icici doing very very good job. Well arrangement and system for us. Thanks,compliment
@KotakBankLtd @vishalgondal @udaykotak @RBI very nice Thane branch khopat is not too freindly,displeasure
Prime minister sir kindly make provision for those who cannot write to exchange 500 and 1000 in banks @narendramodi @RBI @TheOfficialSBI,displeasure
"@narendramodi_in Banks shall remain open tomorrow to maintain BAU as no cash transactions
@RBI @TheOfficialSBI https://t.co/e3FeUoLI52",miscellaneous
@RBI @FinMinIndia @PMOIndia @HDFCBank_Cares @KotakBankLtd @udaykotak customers who hv bnkng business with u.. Let others suffer.. #kotakway,miscellaneous
"Bank of Baroda, Gandhi Nagar branch, Delhi is closed after 5pm on second consecutive day. Need more measures. @RBI @bankofbaroda",displeasure
"@RBI @TheOfficialSBI @FinMinIndia @PMOIndia maximum chaos created by cash xchange crowd, some appearing proxies for https://t.co/zC5RKSUvCV",displeasure
@PMOIndia @narendramodi @IncomeTaxIndia @RBI @PIB_India @DG_PIB @TheOfficialSBI @FinMinIndia @CVCIndia @dir_ed https://t.co/21T2UpQXY1,miscellaneous
RT @Bharat_Putra: Book this man for spreading Misinformation @DelhiPolice @arunjaitley @RBI @TheOfficialSBI @narendramodi @BJP4Delhi @upadh,miscellaneous
"@bankofbaroda kindly clarify, do we have to provide photocopy of identity which we mention for 500/1000 notes exchange. It is uncalled @RBI",miscellaneous
"@aniruddhg1 @RBI should tell @TheOfficialSBI or any bank 2 go in industry &amp; open all labor a/c transfer money,whyPay in cash
@IndianExpress",miscellaneous
"RT @MyLoveNamo: It's 11 am... Still ur ATM's not working... 'Khayal Aapka' aur 'Khayal Khud ka'?
@ICICIBank_Care @ICICIBank @RBI @arunjaitl",displeasure
"Bank of Baroda atm bus stand akbarpur 1:31 pm , 12/11/2016 @narendramodi @PMOIndia @ArvindKejriwal @RBI https://t.co/HDgQl9p7YZ",miscellaneous
@KotakBankLtd @RBI @PMOIndia @FinMinIndia got train in evening need mny to travel.. What kind of pathetic arrangement is this @arunjaitley,displeasure
@arunjaitley Sir can we deposit old notes in oversees branches @RBI @TheOfficialSBI @narendramodi,miscellaneous
@PMOIndia @narendramodi  @arunjaitley @RBI @TheOfficialSBI @HDFC_Bank No ATM's works today @chennai For petty cash for daily use,displeasure
Can I deposit rs.500 &amp; rs.1000 at @Paytm #paytmkaro @RBI @TheOfficialSBI,miscellaneous
@PMOIndia @RBI @arunjaitley if possibl introduc token systm like passport app 2 avoid que &amp; mismanagmnt at banks @TheOfficialSBI @HDFC_Bank,miscellaneous
"@HDFC_Bank @HDFCBank_Cares @RBI @PMOIndia sir,few months ago HDFC bank had debited amount from my a/c and now same thing happen again today.",miscellaneous
"@TheOfficialSBI @RBI
is it mandatory for a cheque to bear the sign of the payee a/c holder when it is deposited at a branch
no cash involved",miscellaneous
@RubikaLiyaquat SomeSaying NoMoney2give @TheOfficialSBI @ZeeNews  @arunjaitley @FinMinIndia @RBI @jayantsinha @nandita_zee @anuraagmuskaan,displeasure
"@TheOfficialSBI @RBI FYKI most of the SBI ATMs in Jhansi,UP are closed from morning.Pls resolve this inconvenience asap. @narendramodi",displeasure
"Please give free number of transactions in ATM for this month.@arunjaitley @PMOIndia @TheOfficialSBI 
@ktkbankltd 
@RBI",miscellaneous
"@TheOfficialSBI @HDFC_Bank @ICICIBank @RBI @arunjaitley Can you reduce trans costs on NEFT, IMPS, UPI pay for trf &lt; Rs10000 to 5ps for now",miscellaneous
"No money in bank, ATM not opened. @narendramodi ji @arunjaitley @RBI @ICICIBank_Care #Guwahati",displeasure
@RBI @unionbankofIN @Indianoverseasb @TheOfficialSBI no reply,miscellaneous
Banks are waiting @RBI @TheOfficialSBI @IASassociation @IPS_Association @PMOIndia https://t.co/kxTJkWNKQf,miscellaneous
@ICICIBank @ICICIBank_Care @RBI @CNBC @TOIIndiaNews @aajtaknews Worst #Banking #service. Not ready to reply customers.,displeasure
Sbi Vindhyanagar branch get closed at 4 pm only @arunjaitley @narendramodi @TheOfficialSBI @RBI please resolve it https://t.co/02jTmAhQJc,displeasure
@arunjaitley @RBI @TheOfficialSBI @narendramodi @PMOIndia kindly provide some information and assistance,displeasure
"Pls fcilitate 2 poor &amp; snior citizn 1st &amp; ptients also, thnks 4 ur copratn &amp; suprt @KotakBankLtd @ICICIBank @TheOfficialSBI @RBI @HDFC_Bank",displeasure
"RT @mazhyasarkhime: @vikramwkarve @manishkinhikar sir pls don't share dreams, come to reality @TheOfficialSBI @RBI @PMOIndia @FinMinIndia",displeasure
"@TheOfficialSBI what is the process to get my account number, do i have to stand in note changing queue or there is other way as well? @RBI",miscellaneous
@RBI @RBIgovernor @HDFC_Bank @TheOfficialSBI - how to avoid this problem? https://t.co/oEUSqnycBa,miscellaneous
@RBI @TheOfficialSBI Bankers will work for 16 hrs a day and 7 days a week . Are they #Superman or wat  #bankersarenothumans,displeasure
"@HDFCBank_Cares your sector 29, noida branch saying will operate till 3pm only. Violating @RBI , GoI and https://t.co/mOGiRLKh5A",displeasure
"@RBI 
Stuck abroad with @AxisBankSupport pathetic services. Not responding via call support and email support keep on sending generic reply",displeasure
"RT @anksumads: NOTE-Worthy Lesson it's funny, yuck but makes a valid point abt Our Currency #care4currency @RBI @TheOfficialSBI  https://t.",miscellaneous
@HDFC_Bank @HDFCBank_Cares Your staff of Ahura Branch - Andheri is super lethargic &amp; completely unprofessional.  Need justice @RBI,displeasure
@RBI @narendramodi @TheOfficialSBI  SBI Banks closed before 6 PM yesterday at Udaipur Rajasthan.Please help udaipur people.,displeasure
"What about the shops charging 2% for card transactions, how are you going to stop that? @narendramodi @HDFCBank_Cares @RBI @ETNOWlive",miscellaneous
"@bankofbaroda its 6:20pm, bank employees left, shutter is down. Please take action @RBI https://t.co/gn8VSj4KV3",displeasure
"@RBI @TheOfficialSBI @arunjaitley 
Please waive the need for forms, ID etc for banks customers while exchanging notes to speed up processing",miscellaneous
Sweden leads race becomes cashless society @narendramodi @TheOfficialSBI iZettle charges r lower then Buddy @RBI  https://t.co/wQa85Q4SUB,miscellaneous
Plz need action! @Mitalishah121 @narendramodi @RBI @TheOfficialSBI @ICICIBank @HDFC_Bank @PMOIndia @FinMinIndia https://t.co/CjYSKIuk9r,miscellaneous
@RBI @TheOfficialSBI @HDFCBankNews @IDBI_Bank @ANI_news @adgpi IF all officials are PROUD INDIANS RECOVER MONEY FR https://t.co/MlSDcy1E8I,compliment
"SBI, Oman has no information about how NRis can exchange 500/1000 currency notes. @arunjaitley @narendramodi @RBI https://t.co/8m2oxuySMf",displeasure
@RBI @TheOfficialSBI @PMOIndia @narendramodi Opp shld support since the cost of this country is born only by true tax payers &amp; poor till now,miscellaneous
"@RBI @TheOfficialSBI @mdpnb request to operationalise #ATMs at earliest, it ll relieve pressure on needy",miscellaneous
@TheOfficialSBI @DasShaktikanta @FinMinIndia @RBI @arunjaitley @PMOIndia @narendramodi Provide Rs100 Notes in Exchange of Old 500&amp;1000Notes,miscellaneous
@AxisBank @AxisBankSupport in Vadodara today but the situation remains same . ATMS NOT WORKING @ICICIBank @RBI @FinMinIndia @arunjaitley,displeasure
@TheOfficialSBI very well preplanned.Employees acting patiently with https://t.co/LmSjoZESwA nt started yet at PO's and othr banks @RBI,compliment
@chandankr @NagpalManoj @RBI @arunjaitley @narendramodi @TheOfficialSBI Are not bankers human beings?,miscellaneous
@RBI @PMOIndia @arunjaitley @ANI_news @TheOfficialSBI  all bankers mutual funds CA's insurance's wealth managers mu https://t.co/gVvLSzuPDV,miscellaneous
"#Shame @RBI @TheOfficialSBI How would you stop people from #facility of #eating food?
#DeMonetisation #NoteExchange https://t.co/9uTlZ9DBZj",displeasure
"@RBI @arunjaitley  Appreciate the facility provided by BOI, Calicut for Customers to fight with the heat outside th https://t.co/A98BUYCDzJ",compliment
"@TajinderBagga @RBI same issue was here @TheOfficialSBI closed bank at4pm but no info shared,great inconvenience. https://t.co/mvtyjhJiZP",displeasure
@TheOfficialSBI @mdpnb @RBI @ICICIBank @HDFC_Bank @AxisBank @YESBANK @bankofbaroda if you need temp or perm employee pls contact me . Thanks,miscellaneous
"@RBI @FinMinIndia @TheOfficialSBI If u need 1wk for #ATMs functnality, jst say so y give a date n nt keep it #DeMonetisation #500rs1000rs",displeasure
"@TheOfficialSBI @PMOIndia @RBI @narendramodi limit for exchang 4000 rs but sbi exchange 2000 rs for per prson, lower Nd middle fmly in prblm",displeasure
"@RBI @HDFCBank_Cares @narendramodi (Makarba Branch, Ahmedabad) is creating troubles. Manager not cooperating for funds deposits! is it fair?",displeasure
RT @cakeaberry1: @HDFCBank_Cares @RBI @narendramodi - no such notice outside dat money exhange is no allowed... then y were we denied??? ht,displeasure
ATMs are still closed in bangalore @HDFC_Bank @TheOfficialSBI @HSBC_IN @RBI any update when they will function,miscellaneous
"@arjunrammeghwal @KotakBankLtd @RBI , Dear Sir still @6.00 P.M. ATM Shutter is not opened from morning. Plz try to https://t.co/FOoh3ZfCb9",miscellaneous
@RBI @TheOfficialSBI got some more pictures of 2000 notes @EconomicTimes @ndtv @TimesNow @htTweets @the_hindu https://t.co/Dvu8Sd7nPN,miscellaneous
@SIRBLOFELD @ashkronos Indian banks don't have professionalism. Period! @arunjaitley @RBI @PMOIndia @TheOfficialSBI @ICICIBank_Care,displeasure
@Ppanks_G @narendramodi @PMOIndia @BJP4Bengal @RBI @TheOfficialSBI @pbhushan1 Low quality Congress manufactured con https://t.co/ewRaURLK6h,miscellaneous
"@KotakBankLtd its been more than 4 months now, you guys even not taking any step to solve my case. (1/2) @udaykotak @RBI",displeasure
"Took 40 minutes to exchange 2000 rupees in BOB, Hayathnagar branch. @PMOIndia @RBI @WithCongress @BJP4India @bankofbaroda",miscellaneous
@HDFCBank_Cares @HDFC_Bank utter chaos Gabana Br Khar. Security enquiring purpose of opening locker. No such Govt order @RBI @arunjaitley,displeasure
"@rjraunac @RajivranjanjJha @bankofbaroda @RBI @arunjaitley banks are already doing good job, but government is failing totally. @aajtak",compliment
@ICICIBank_Care The same happened at your lajpat nagar 2 branch. They closed the branch citing cash shortage. @RBI,displeasure
I appeal to all Indian citizen @RBI @TheOfficialSBI @HDFC_Bank @ICICIBank @AxisBank &amp; all other bank #dontwriteoncurrencynote,miscellaneous
@bankofbaroda How much fuel surcharge you do charge where @RBI  asked it to cap at 0.75%. You just charged 5.18% at Indian Oil station,miscellaneous
@arunjaitley @TheOfficialSBI @RBI NA please https://t.co/LtM4KzdXrk,miscellaneous
@PMOIndia @rajnathsingh @AmitShah @narendramodi @narendramodi_in @adgpi @RBI @TheOfficialSBI Please Think about i https://t.co/ZjukVBeesT,miscellaneous
"Vry cndemnble dat inspite of d recent advisry of @RBI  to end up at 8pm, SBI Barauni got closd at 6 resultd 2 mny suferings @TheOfficialSBI",displeasure
@PrashantmET @NagpalManoj @RBI @arunjaitley @narendramodi @TheOfficialSBI they are. Same as us. N we have worked extra when required.,compliment
RT @Circle_India: @nildeore @RBI @TheOfficialSBI pls print back page in Hindi,displeasure
@PMOIndia @narendramodi  @arunjaitley @RBI @TheOfficialSBI @HDFC_Bank Kindly ask banks to fill ATM's frequently for next few days.,displeasure
@TheOfficialSBI @RBI @FinMinIndia Whn #ATMs will be actually functional? #DeMonetisation #CashCleanUp #500rs1000rs #CashRush,displeasure
@TheOfficialSBI @RBI #sbicloningdebitcards who is responsible for this common mans money being laundered.. @narendramodi,displeasure
"@sudhirchaudhary then @TheOfficialSBI branch puted notice if bank closing time 4pm,4today&amp;timmrow.&amp;monday holiday. Do @RBI shared this info?",miscellaneous
Hoarders r using benami for conerting Black money @RBI @arunjaitley @narendramodi @TheOfficialSBI @HDFC_Bank @ICICIBank &amp;othrs need hawk eye,miscellaneous
".@RBI @narendramodi @IndianEmbassyUS @ICICIBank_Care Called SBI,NY and ICICI,NY where have NRO A/c.Both said recvd no instructions from RBI",displeasure
@TheOfficialSBI if I deposit money in non home branch dose it attract penalty in this situation of long que's at home branch @RBI,miscellaneous
"@bankofbaroda @PMOIndia @RBI 
Bank of baroda sidhi m.p  denied  note exchange of other banks.
Who is responsible for these type of acche din",displeasure
"cap on ATM transaction is still effective?
@TheOfficialSBI @HDFCBank_Cares @arunjaitley @RBI @narendramodi",miscellaneous
RT @smritimoy: Pin code 700156. No cash anywhere in any ATM . Not sure of Kolkata and West Bengal.@RBI @TheOfficialSBI @HDFC_Bank @ICICIBan,miscellaneous
Hope that banks find a solution. Should adopt token system to regulate long queues.@RBI @TheOfficialSBI @mdpnb https://t.co/zcJmjloBr9,miscellaneous
MCLR interest  benefit  not passed to old base rate system of home loan without penalty. Please help with guideline @RBI @TheOfficialSBI,miscellaneous
"@HDFCBank_Cares kindly clarify, do we have to provide photocopy of identity which we mention for 500/1000 notes exchange.  @RBI",miscellaneous
@RBI @TheOfficialSBI It's 9.30 already.But this branch of SBI is still been closed.I thought it'll open1 hour befor https://t.co/37CxYw4jI6,displeasure
@narendramodi @arunjaitley @RBI @HDFC_Bank @HDFCBank_Cares  What's the hell is going on ??? https://t.co/v2MOwCgRdj,displeasure
"1/2 @RBI @TheOfficialSBI  SBI dealing with third party, they are accepting currencies only if you have a ""form"" ....",displeasure
All the best to all the employees of bank. You have to face hectic schedule. @TheOfficialSBI @pnb @AxisBank @bankofbaroda @RBI #newnote ,compliment
@HDFC_Bank @HDFCBank_Cares  None of the ATM is Jahangir puri Delhi 110033 is working @RBI @PMOIndia @narendramodi @arunjaitley #twitterseva,displeasure
@KotakBankLtd @TOIMumbai @RBI sad to see the attitude of the Kotak bank officials. What does a common man do?,displeasure
SBI ATM near my home and many such havent opened since. @srirambjp @RBI @TheOfficialSBI @arunjaitley . https://t.co/w6r3wasoJe,miscellaneous
"@bankofbaroda @srikanthgadgay bob is using bots to answer customers problems, this sucks #worseBanking @RBI @arunjaitley @FinMinIndia",displeasure
There should be some mechanism through which normal person can complain regarding misuse of #currencyswitch system. @RBI @TheOfficialSBI,displeasure
"@bankofbaroda @RBI bank opened at 10am and bank employees denied to work after 6pm, this won't help. Heavy inconvenience @arunjaitley",displeasure
@TRAI @rsprasad @bihar_police @TheOfficialSBI @RBI @DelhiPolice #ATM #Service #Center what they call themselves Please nab this racket !!,displeasure
Not a single ATM functional in / near Vashi &amp; Thane Rly stations @ICICIBank @HDFC_Bank @TheOfficialSBI @mdpnb @RBI,displeasure
"@HDFCBank_Cares @RBI hdfc branches shuts down at 3 30pm no cash exchanges , no withdrawls, no deposits",displeasure
@TheOfficialSBI @narendramodi @RBI @FinMinIndia NO have time to stand in Q to deposit money because we need to go office also.,displeasure
"Most of ATM are found closed due to lack of money. Financial crises faced by innocent citizens. Do needful.
@RBI
@TheOfficialSBI
@PMOIndia",displeasure
@RBI all bank should increase number of transactions per atm card for at least  this month @TheOfficialSBI  @ICICIBank,miscellaneous
@ICICIBank @ICICIBank_Care @RBI  tea party enjoyed by icici bank staff no time to attend clients says go home 5.40 https://t.co/9JD2oKwEWP,displeasure
@ICICIBank_Care @theofficialSBI All ATMs of DABRA CITY 475110 is crashed population of this city is 2 lac Do  needful @RBI @aajtak @ZeeNews,displeasure
@RBI @TheOfficialSBI @canarabanktweet I mean from other branch,miscellaneous
@321ynnus @RBI @TheOfficialSBI @Bankofindia_BOI @HDFC_Bank you should be allowed to,miscellaneous
"@rushdiexplains Lol! Ur parents FAKE lov z d reason for ur existence
@narendramodi @PMOIndia @BJP4Bengal @RBI @TheOfficialSBI @pbhushan1",miscellaneous
@PMOIndia @CMofKarnataka @RBI @TheOfficialSBI so Kannadigas shd learn Hindi/Eng to get assistance frm SBI? https://t.co/tnQyT94U9b,displeasure
"@aajtak this notice was at @TheOfficialSBI #SiddharthExtension NewDelhiBranch 
Do @RBI has issued any notification4 https://t.co/MURYMwy73k",miscellaneous
@kavyashree_p819 @KotakBankLtd @RBI . They just asked do you have a kotak account. And then NO. The aim is not to p https://t.co/kjrRFBDqia,displeasure
"@HDFCBank_Cares still no action 4m ur end. Kindly take necessary step &amp; dont violate @RBI guidlines.
Cc @arunjaitley https://t.co/jkvlp6i8Pm",miscellaneous
RT @aschauhan26: @PMOIndia @RBI @FinMinIndia @bankofbaroda @OfficeOfRG @RashtrapatiBhvn @yadavakhilesh  hw much more patience..n hw much mo,displeasure
ATM still closed 2 days past no cash nothing. only old currency is exchanged at bank. dont knw wht todo? @narendramodi @RBI @TheOfficialSBI,displeasure
whole staff going for lunch ..is it valid in banks ? @TheOfficialSBI @PNBMetlife1 @centralbank_in @RBI @narendramodi @arunjaitley,displeasure
@KotakBankLtd @KotakBankLtd ..can u help me to get dm??? Of ghatkopar east branch 60ft road mumbai-400077 @RBI,miscellaneous
"Thanks to @TheOfficialSBI, for #CustomerSupport ! Thanks from an Indian. @narendramodi @FinMinIndia @RBI @IMFNews ~~ #BlackMoney in India ~~",compliment
"India still being ruled by 1860s mindset of pulverising its spirits. #Incompetent #nincompoops
@RBI @TheOfficialSBI @timesofindia #shameless",displeasure
RT @skv_india: #NoCashATM lines getting bigger at Sector 48 Noida @HDFC_Bank @HDFCBank_Cares @RBI @FinMinIndia @arunjaitley https://t.co/RD,displeasure
"Why collecting photocopied ID proofs, when they can verify form details with original id proof  @DasShaktikanta @bankofbaroda @RBI (2/2)",displeasure
@AxisBankSupport @AxisBank @financialombuds pl intervene too because axis bank never reply any query @RBI,displeasure
@ICICIBank @ICICIBank_Care @RBI @FinMinIndia for this move. I m with govt. On this move but execution is very ugly @vdube82,displeasure
RT @Write2Manmohan: @TheOfficialSBI None of the ATM is Jahangir puri Delhi 110033 is working @RBI @PMOIndia @narendramodi @arunjaitley #twi,displeasure
"@PMOIndia @RBI @arunjaitley @TheOfficialSBI banks not exchanging money , giving preferences only to own customers and people with cheque ",displeasure
"@FinMinIndia @TheOfficialSBI @RBI @narendramodi
We are trying to make India digital &amp; cashless. So we should increase no. Of free ATM trans.",miscellaneous
@HDFC_Bank @TheOfficialSBI @AxisBank @RBI @FinMinIndia @arunjaitley till now no ATM's have cash for dispense. Now inconvenience is started,displeasure
@RBI @YESBANK @AxisBank @HDFC_Bank @KotakBankLtd since yesterday getting messages that banks have made all arrangements #nomoney ... Contd4,displeasure
"@PMOIndia @FinMinIndia @TheOfficialSBI 
@RBI SBI Banda(U.P) H.O nt accepting tax amount in old currency.",displeasure
@ICICIBank @ICICIBank_Care @RBI #icici kankarbagh they change rule daily &amp; don't know how 2 talk to customers.,displeasure
@Citi @VijayaBankIndia @TheOfficialSBI @RBI @PMOIndia @arunjaitley @AxisBank @CitibankIN @ICICIBank @HDFC_Bank https://t.co/jwNA6wOwug,miscellaneous
@HDFC_Bank @HDFCBank_Cares @RBI in remote loc hw can you all handle this situation ?,miscellaneous
@RBI @RBI_India @TheOfficialSBI @ICICIBank  @DasShaktikanta @FinMinIndia  Issue Cash Cards of Rs20000  to All Debit Cardholders,miscellaneous
@bankofbaroda @RBI @FinMinIndia @narendramodi do U want 2 see the picture of ATM &amp; CDM machine of sec-9 Rohini delhi.Still Not working.,displeasure
There Are No Money In ATMs...Plz Check...@RBI @TheOfficialSBI @aajtak @IndiaToday @narendramodi @BJP4India @INCIndia Only Long Queues ,displeasure
"RT @Eenadu_English: #Assam CM asks @RBI and @TheOfficialSBI to ensure smooth flow of funds @sarbanandsonwal

https://t.co/UZcIpyz7v0 https:",miscellaneous
"@RBI @bankofbaroda the branch of jhusi,Allahabad not withdrwn csh more thn 2000 from wndow plz tk apprpte action https://t.co/G2JDgw8SN4",displeasure
"@FinMinIndia @arunjaitley @TheOfficialSBI @RBI guys if tmrw also no money in ATM then that's an issue,low denomination is urgently needed",displeasure
"@PMOIndia @RBI @TheOfficialSBI pls ask banks to arrange separate queues for Sr. citizens, ladies at the bank counters to exchange money..",displeasure
"@ICICIBank at Vadodara forces people to write sr.no of notes, which is not as per @RBI Mandate. Who will act? https://t.co/pIelJK9cgO",displeasure
@PMOIndia @RBI @TheOfficialSBI @arunjaitley @AndhraPradeshCM  @JaiTDP @INCIndia Many politicians are involved in Fa https://t.co/e9Uai5hitn,miscellaneous
@KotakBankLtd @udaykotak @RBI PLS HELP. Kotak Mahindra Bank against RBI/Central Gov order &amp; cheating public. Kotak https://t.co/nJWe6InJKl,displeasure
@RBI @ICICIBank @ICICIBank_Care  ATM not working at your Kamla Mill branch,displeasure
Agent are taking 4000 rs and giving 3300 rs for exchange of new currency new way for black money @MumbaiPolice @RBI @TheOfficialSBI,displeasure
"@ICICIBank_Care @arunjaitley @PMOIndia Sir, your ATM in Ignou, Neb Sarai, New Delhi has not opened at all since 9th. @ICICIBank  @RBI",displeasure
@iMac_too What ever sign the photocopy with date &amp; amt exchanged so others not duplicating your documents @RBI @TheOfficialSBI @ZeeNewsHindi,miscellaneous
@KotakBankLtd @RBI @PMOIndia @FinMinIndia is any1 even going to take cognizance of this or not...  Pathetic handling,displeasure
Can people who live overseas exchange their 500 &amp; 1000 rupees notes somewhere? @RBI @TheOfficialSBI,miscellaneous
"@bankofbaroda Just now I visited to ur Khetrajpur, Sambalpur, Odisha branch. BM is telling, we r giving to only acc holdr @RBI @arunjaitley",displeasure
@TheOfficialSBI KEC Dwarahat Branch 10584 not exchanging notes;asking to deposit &amp; withdraw frm a/c.Isn't my home branch @narendramodi @RBI,displeasure
@TheOfficialSBI May I insist U to make fucctional the Ghataro #SBI ATM -GFBU000088031 Asap . @RBI @sbiINTOUCH,displeasure
@RBI @TheOfficialSBI shame. SBI websites not updated even 4correct contact info. Same true 4other banks. Today failed2get Bhopal MainBr No.,displeasure
@AxisBankSupport @AxisBank @RBI Axis sms says all ATM opnd. Patheticaly Narimn Point Brnch ATM stil closed since morng. Gross service stndrd,displeasure
@narendramodi @RBI sir @bankofbaroda fort not changing notes. Denying sayin only if u have account we wil change after standin in que n hour,displeasure
Why new currency has not reached to SBIN00000163 TILL NOW @TheOfficialSBI @RBI @arunjaitley @narendramodi  many dfcltieas r bing fcd by ppl.,displeasure
@TheOfficialSBI ATM not working  .we are in totally mess help us to full fill with cash urgently @PMOIndia @RBI https://t.co/9mDzFNA0DZ,displeasure
No #ATMs @TheOfficialSBI was made functnal in #Guwahati despite @FinMinIndia @RBI announcement on #DeMonetisation #500rs1000rs #CashCleanUp,displeasure
"It's 11 am... Still ur ATM's not working... 'Khayal Aapka' aur 'Khayal Khud ka'?
@ICICIBank_Care @ICICIBank @RBI https://t.co/9UUzhHfMzp",displeasure
@arunjaitley sir SBI atm is not supporting my Bank Of Maharashtra card.kindly fix this issue. @TheOfficialSBI @bomrochd @RBI @FinMinIndia,displeasure
@arunjaitley @RBI @TheOfficialSBI @narendramodi @PMOIndia everyone can cooperate but not at cost of misbehavior,displeasure
@AxisBank @AxisBankSupport @AxisBankOffers  thank u Axis Bank for ur promise! Feeling Honored. @RBI @narendramodi https://t.co/APqx4n9UcK,compliment
@narendramodi @arunjaitley @FinMinIndia @PMOIndia @RashtrapatiBhvn @TheOfficialSBI @HDFC_Bank @ICICIBank @KotakBankLtd @RBI plz consider dis,displeasure
"@RBI After the #NoteBan, are banks going to charge for depositing cash in our accounts in non home branches, like @TheOfficialSBI does ?",miscellaneous
@TheOfficialSBI Pathetic service from SBM basvangudi branch Bangalore.. No Cash on 1st day of cash exchange.!! @PMOIndia @RBI @TimesNow,displeasure
@TheOfficialSBI Sorry to say but I found all the SBI ATMs closed between1:10-1:45 PM during my hunt for cash.... #Demonetisation @RBI,displeasure
"@Upsunson Not RT. been there, seen that, spoke there. q is fact, q management is fact. @RBI handle silent today...@ICICIBank_Care",miscellaneous
@HDFCBank_Cares @RBI still waiting for your reply.,displeasure
"@KotakBankLtd @anandmahindra @RBI your cbi fbi investigation did nothing, highly #dissapointed",displeasure
@RBI @arunjaitley - @ICICIBank @ICICIBank_Care Money was out when Opened home mandir piggy bank...,miscellaneous
"@arunjaitley @RBI @TheOfficialSBI plz help, I'm in hyderabad need urgently money transfer 2 sbi bodla a/c.  my cousin went to deposit",miscellaneous
@TheOfficialSBI @RBI @narendramodi May b dz new currency move z 2 save banking sector n many banks r exploiting service charges through ATMs,displeasure
@arunjaitley @RBI @TheOfficialSBI @narendramodi @PMOIndia moreover sbi raja ki mandi branch manager misbehaved and pushed him out of branch,displeasure
"RT @vikramwkarve: #DeMonetisation #CashRush 
Will #ATMs be functional in #Pune today? 
@RBI @TheOfficialSBI @AxisBankSupport @ICICIBank_Car",miscellaneous
"@ICICIBank @TheOfficialSBI @AxisBank @RBI ,Thanks to all Bankers for nation progress,efforts will be appreciated fo https://t.co/zYoyiXmw0e",compliment
"@RBI @TheOfficialSBI No ATM working,Shutter down still on 11th Nov,New Ashok Nagar, Delhi:110096.R v nt indians, or we dnt need cash to live",displeasure
@RBI @HDFCBank_Cares @HDFC_Bank @PMOIndia physically challenged person.No cheque leaf.Turned away from bank. No working cash in hand. :(,displeasure
@BT_India @IndiaToday @ICICIBank @TheOfficialSBI @RBI @RBI_India @FinMinIndia @DasShaktikanta @PMOIndia  Need Descipline &amp;Efficiency,displeasure
I'm not given to change old notes from the @TheOfficialSBI in surat branch code is 11049. This is injustice with me. @RBI @FinMinIndia,displeasure
"Changing, depositing&amp;withdrawing currency was smooth as a song in PSB. Very well managed in Blr @RBI @narendramodi @TimesNow @TheOfficialSBI",compliment
#breakingnews: Rs. #53000 cr deposited in #SBI branches till now in 1 and 1/2 days.  #DeMonetisation @narendramodi @TheOfficialSBI @RBI,miscellaneous
"@ICICIBank @ICICIBank_Care @RBI #kochi #nocash Why is the ICICI branch insisting copy of ID proof to exchange 4000, That is not mandatory!",miscellaneous
"@RBI @TheOfficialSBI @HDFC_Bank @HDFCBank_Cares guys, please refill ATMs in evening as well. Only few are working w https://t.co/mVXP4fxzkw",miscellaneous
@narendramodi @RBI  Some banks like not allowing otr bank custmr 2 withdrw money from ATM. Menace for  of large banks like @TheOfficialSBI .,displeasure
@KotakBankLtd @RBI @PMOIndia @FinMinIndia @arunjaitley even at times of capital controls Kotak showed insensitivity by giving pref trtmnt,displeasure
@RBI @bankofbaroda !! The statements are contradicting. It was not allowed to withdraw on one branch if they had wi https://t.co/wZju9SGIwi,miscellaneous
@PawanDurani @RBI @HDFC_Bank @arunjaitley @HDFCBank_Cares Check such banks for priority transactions!!,miscellaneous
Hell lot of #sms by @ICICIBank @YESBANK but no #ATMs working in #Jamshedpur @RBI @ICICIBank_Care,compliment
@FinMinIndia @arunjaitley @RBI @TheOfficialSBI @PMOIndia Pls start MOBILE ATM with 2000 rs notes for faster distribution of notes,compliment
"RT @skyunleased: No cash boards @KotakBankLtd ....
Hell with @RBI",displeasure
I'm in front of SBI(phadnis colony)indore since 8am but bank not yet open @narendramodi @TheOfficialSBI @RBI,displeasure
Icici bank declining to entertain after 6pm... Clients angry.. @ICICIBank_Care @ICICIBank @RBI https://t.co/Bf9Macz3cI,displeasure
"@AxisBank @HDFC_Bank @ICICIBank @IDBI_Bank @IDFC_Bank @TheOfficialSBI @YESBANK @RBI @TimesNow 
big thank you to all banking people
Hatsoff",miscellaneous
"@centerofright also 1 bank not opening a/c of poor person,as he was not having PAN,beside option is2declare noPANinForm @ICICIBank_Care @RBI",displeasure
I m not able to receive my OTP for payment  ghanta #DigitalBanking @KotakBankLtd @StanChart @airtelindia @narendramodi @RBI @rsprasad  help,displeasure
"@ICICIBank_Care @RBI No cash in Vimannagar ATM, #Pune. No one responding at branch.",displeasure
"Great work by all so bank and banker working todya @TheOfficialSBI @RBI
@akhileshsharma1 @DrGPradhan @ashishbadshah",compliment
"NOTE-Worthy Lesson it's funny, yuck but makes a valid point abt Our Currency #care4currency @RBI @TheOfficialSBI  https://t.co/flDHn8R2xD",miscellaneous
@narendramodi @PMOIndia @ndtv @CMofKarnataka @htTweets @RBI @HDFCBank_Cares @HDFC_Bank Plz act on banks failed to m https://t.co/XfSwi4T89m,displeasure
@RBI why does @KotakBankLtd seek customer ID to deposit cash into own KYC okayed bank account? Why Kotak ignoring RBI norms?.. @udaykotak,displeasure
"@mediacrooks @arunjaitley 
@Indiapnb installed Mobile ATM at AIIMS
what @TheOfficialSBI @bankofbaroda etc doing 
@RBI",miscellaneous
"@arunjaitley @RBI @TheOfficialSBI 
Plz hire retired ppl for note exchange,open more counters huge inconvenience for ppl,",displeasure
None of the #ATM is working in my area(PIN-495330). When will it be?_x000D_#CurrencyBan_x000D_@narendramodi @PMOIndia @RBI @FinMinIndia @TheOfficialSBI,miscellaneous
@HDFC_Bank @AxisBank @TheOfficialSBI Looks like some of ur bank managers are xchanging higher values of currency with 10-30% commission@RBI,displeasure
"@TheOfficialSBI @RBI  please enable UPI (unified payment interface) in all banks,",displeasure
"RT @nildeore: talked to several persons who wer in exchange queue of old currency. Hindi form wud ease their pain. @RBI @TheOfficialSBI 
#B",displeasure
"They have to exchange 17 lks crores , when will they do it @UttarandhraNow @RBI @arunjaitley @TheOfficialSBI @ICICIBank",miscellaneous
"@TheOfficialSBI @ICICIBank @HDFCBank_Cares @FinMinIndia @RBI ""All ATM transactions were waived off till December 31, 2016""
Is this true.?",miscellaneous
"@arjunrammeghwal @KotakBankLtd @RBI ,Dear Sir still @1.53 pm from tomorrow morning the ATM shutter is closed. Bank https://t.co/nV8GwVlkyc",displeasure
Appreciate the unrelenting work by @HDFCBank_Cares @ICICIBank_Care @AxisBankSupport @TheOfficialSBI . But way long to go.  @RBI @PMOIndia,compliment
"RT @shuchi_modi: @narendramodi @PMOIndia @arunjaitley @FinMinIndia @RBI @HDFC_Bank @HDFCBank_Cares @ICICIBank_Care
Stop providing priviled",displeasure
@RBI @AxisBank @ICICIBank @TheOfficialSBI @mdpnb  Same situation in evening too.. Making fool of people.. ATM is not working still,displeasure
@RBI @HDFCBank_Cares FYI. .. if instructions were not followed compensate by extra hrs next day https://t.co/Y63jBAjSkl,miscellaneous
"@rbi @sbi_india @TheOfficialSBI
BI Patna chankya law university branch refuse to deposit amount in other branch of SBI.@RBI",miscellaneous
"Maximum limit of 5 free cash transactions at ATM should be lifted..
#Suggestion @RBI @arunjaitley @AxisBank @narendramodi @TheOfficialSBI",miscellaneous
"@TajinderBagga thats how @TheOfficialSBI branch has closed bank iron door,no cash distribution,deposit happen @RBI https://t.co/LCO3WyZ8B4",displeasure
"@RBI @YESBANK @AxisBank @HDFC_Bank @KotakBankLtd none of your ATMs are working since morning in Adhichini, New Delhi. #nomoney... Contd1",displeasure
"@RBI @KotakBankLtd Hi Urjit (Sir) Need Confirmation From you or your Team, Meerut Mangal Pandey Nagar None of The ATM working NY,Con.",displeasure
@arjunrammeghwal sir sbi atm at hauz khas metro Delhi not working at all since morning. @RBI @TheOfficialSBI,displeasure
Thanks to entire banking staff for working on holidays and helping people @RBI @TheOfficialSBI @bankofbaroda @yesbank4 @AxisBank @ICICIBank,compliment
"@KotakBankLtd creating artificial cash scarcity by not replenishing cash in ATM for past 3 days.
Cc: @udaykotak @RBI @arunjaitley @PMOIndia",displeasure
"@TheOfficialSBI @narendramodi @FinMinIndia @RBI not single CDS or ATM machine is working in Rohini,delhi.all is out of service. Why ???????",displeasure
"@SushmaSwaraj @RBI @TheOfficialSBI , is the limit for cash withdrawal at foreign atms too is equivalent of only 2000 INR per day? #noteban",miscellaneous
@AxisBankSupport @narendramodi @RBI none of the ATMs are working till now. What a great service you are providing.,displeasure
@HDFCBank_Cares Bank Dwarka Sec 14 closed at 15:30 hrs. Staff entertaining their frnds/relatives. Not a good service @RBI @UrjitPatelRBI,displeasure
@RBI @TheOfficialSBI &amp; all other banks Writing from pratap nagar jaipur raj I know it is hard time for bank employees so its just a request,miscellaneous
@IndianExpress @RBI false @KotakBankLtd Sb Marg branch lower Parel Mumbai xchngd notes only for about 10ppl n said no cash to xchng..,displeasure
"@RBI @PMOIndia @TheOfficialSBI @arunjaitley @narendramodi please enable UPI (unified payment interface) in all banks,",miscellaneous
.@MVenkaiahNaidu IE news item claims @TheOfficialSBI official informing them that @RBI has not provided cash for TN https://t.co/sNZgeFKz1Z,displeasure
Worst service experience @HDFCBank_Cares @HDFC_Bank @NeerajHDFCBank @AbheekHDFCBank @RBI lost our employees bank account form. No response.,displeasure
@ICICIBank_Care Thanks for dispensing only 100 notes in Bangalore..much appreciated.  @PMOIndia @RBI,compliment
.@narendramodi Media claiming that @TheOfficialSBI informed them @RBI has not given them Cash in TN &amp; so L&amp;O issue.. https://t.co/M6tBDQZwkT,displeasure
RT @Ray_luxuryyacht: @SIRBLOFELD @ashkronos Indian banks don't have professionalism. Period! @arunjaitley @RBI @PMOIndia @TheOfficialSBI @I,displeasure
@ICICIBank @TheOfficialSBI @mdpnb  @IDBI_Bank @RBI @HDFC_Bank @AxisBank 3 cheers to All Banks who are tirelessly  helping customers. .. ,compliment
@RBI_India @arunjaitley @PMOIndiaModi @TheOfficialSBI Pls Refill ATM's at night also to resolve liquidity issue. 80% people will be happy :),displeasure
"2/2 @RBI @TheOfficialSBI Nd the for available just next to SBI bank's local shop for RS 1
Branch name 'SBI Ashoka Garden Bhopal. ACTION rqrd",displeasure
@ICICIBank @ICICIBank_Care @HDFCBank_Cares @TheOfficialSBI @RBI what is safety and security of money in bank?https://t.co/de1H2PUsc3,miscellaneous
Huge crowd outside SBI Pithoragarh Don't know whn should I go to convert my money @narendramodi @TheOfficialSBI @RBI https://t.co/0sD8xdkj9Q,displeasure
@HDFC_Bank @HDFCBank_Cares at Howrah only exchanging RS 2000 @RBI @narendramodi @arunjaitley @TimesNow @aajtak,displeasure
"@RBI @ICICIBank @VijayaBankIndia 
@TheOfficialSBI @HDFC_Bank 

It may be happen....... did you take any step to red https://t.co/NmNQ6ChL0V",miscellaneous
@TheOfficialSBI @RBI please bring a rule that ATM should be refilled with cash within 3 hours of ATM becoming cashless..,displeasure
@centerofright @ICICIBank_Care @RBI I also have heard the new series being issued to be trackable via serial numbers. Can't deny or confirm,miscellaneous
"RT @ankushmn: @narendramodi , @TheOfficialSBI , @arunjaitley , @RBI  lost 50k hard earned. Leaves cancelled for family trip. Injustice done",displeasure
Very nice to know #banks are supporting Govt decision on #DeMonetisation by extending work hours. @SBIBanks @TheOfficialSBI @ICICIBank @RBI,compliment
@TheOfficialSBI is saying that if u exchange money today u can't exchange for next 7 days. @RBI kindly sort out this issue &amp; do the needful.,displeasure
RT @sujeetmishra: @RBI @PMOIndia @bankofbaroda I was very anxious as he hd to handle it all alone @CMMadhyaPradesh,miscellaneous
@iSushilPandey @narendramodi @RBI @TheOfficialSBI @bankofbaroda BOB ISSUED DEMAND DRAFT RETURNED UNPAID...!! SHAME ON BOB...!!,displeasure
"@bankofbaroda Can I deposit in India, when I visit in January 2017, providing proof of my NRI status? @RBI",miscellaneous
@narendramodi @arunjaitley @RBI @TheOfficialSBI  Opposition guys like @ArvindKejriwal @OfficeOfRG trying to milk the anger.,displeasure
@ICICIBank @AxisBank @RBI @TheOfficialSBI Most of the ATMs were empty today as well. Pls arrange more frequent refills atleast from tomorrow,displeasure
"@arunjaitley @RBI @RajatSharmaLive @TheOfficialSBI sbi jaise bank officials "" just say one word - kaminey""",displeasure
"Kudos @RBI @arunjaitley &amp; @ICICIBank_Care for helping @narendramodi fight #WarAgainstBlackMoney
Sharing an ex-colle https://t.co/H2pcWSlfdl",compliment
@sowmyarao_ I am also suffring a lot with @HDFCBank_Cares  bank is charging for non balance and violating @RBI norms https://t.co/BrzlfYs31c,displeasure
"RT @ankushmn: @narendramodi , @TheOfficialSBI , @arunjaitley , @RBI  lost 50k hard earned. Leaves cancelled for family trip. Injustice done",displeasure
Very nice to know #banks are supporting Govt decision on #DeMonetisation by extending work hours. @SBIBanks @TheOfficialSBI @ICICIBank @RBI,compliment
@TheOfficialSBI is saying that if u exchange money today u can't exchange for next 7 days. @RBI kindly sort out this issue &amp; do the needful.,displeasure
RT @sujeetmishra: @RBI @PMOIndia @bankofbaroda I was very anxious as he hd to handle it all alone @CMMadhyaPradesh,miscellaneous
@iSushilPandey @narendramodi @RBI @TheOfficialSBI @bankofbaroda BOB ISSUED DEMAND DRAFT RETURNED UNPAID...!! SHAME ON BOB...!!,displeasure
"@bankofbaroda Can I deposit in India, when I visit in January 2017, providing proof of my NRI status? @RBI",miscellaneous
@narendramodi @arunjaitley @RBI @TheOfficialSBI  Opposition guys like @ArvindKejriwal @OfficeOfRG trying to milk the anger.,displeasure
@ICICIBank @AxisBank @RBI @TheOfficialSBI Most of the ATMs were empty today as well. Pls arrange more frequent refills atleast from tomorrow,displeasure
"@arunjaitley @RBI @RajatSharmaLive @TheOfficialSBI sbi jaise bank officials "" just say one word - kaminey""",displeasure
"Kudos @RBI @arunjaitley &amp; @ICICIBank_Care for helping @narendramodi fight #WarAgainstBlackMoney
Sharing an ex-colle https://t.co/H2pcWSlfdl",compliment
@sowmyarao_ I am also suffring a lot with @HDFCBank_Cares  bank is charging for non balance and violating @RBI norms https://t.co/BrzlfYs31c,displeasure
@RBI @TheOfficialSBI is the news of the 500  nd 1000 notes ban get true?? if so then what nw??,miscellaneous
@JP_LOKSATTA @RBI  @MVenkaiahNaidu @TheOfficialSBI main problem is lack of communication.  No one knows when all atms will function normally,miscellaneous
@RBI @PMOIndia @TheOfficialSBI these photos were taken at 05.26 PM today.people were suffering as they were from other state &amp; left with 500,displeasure
@TheOfficialSBI whats the use of tweet when ur SBT is reluctant to obey @RBI guidelines by not issueing 10k by cheque,displeasure
@RBI @TheOfficialSBI new note of Rs 500&amp; Rs 100 in banks nt avaialble only Rs 2000. situation become more difficult for common man #cashrush,displeasure
@PMOIndia @RBI @ICICIBank_Care  icici hosur road bengaluru asking for ID proof copy even for less than 4000 cash deposit in my own account,displeasure
@RBI Pl note this issue. @ICICIBank_Care not entertaining all people in spite of having a valid RBI Form. https://t.co/BxBRa95jWj,displeasure
"@TheOfficialSBI  closed at 4:30 and @narendramodi, @RBI saying bank will open till 6pm nonsence https://t.co/urXchQzOhD",displeasure
@ICICIBank  Send Mobile Banks to All Streets to Serve Citizens  @TheOfficialSBI  @RBI  @AxisBank  @CKforCleanIndia  @DasShaktikanta,miscellaneous
@nildeore @RBI @TheOfficialSBI pls print back page in Hindi,miscellaneous
@arunjaitley @PMOIndia @RBI @UCOBankCare @HDFCBank_Cares @TheOfficialSBI All banks opened after 10:30 yesterday &amp; closed at 5:00 at Nagda MP,displeasure
"@bankofbaroda @PMOIndia @RBI  Chairman,BRKGBank,Rajasthan is most corrupt officer in Indian Banking system.@CVCIndia",displeasure
"Banks closed for public on November 9, 2016
@RBI @TheOfficialSBI",miscellaneous
@ICICIBank @ICICIBank_Care @RBI There is no cash in Malviya Nagar branch. Please look into this matter.,displeasure
@arjunrammeghwal @RBI @bankofbaroda no exchange in Bob sadulganj bikaner atm not working please arrange more counte https://t.co/FjkAjsY3k3,displeasure
"@RBI @HDFC_Bank @KotakBankLtd ATM of your banks are not working what should we do, I am in Lower Parel Mumbai :(",displeasure
"RT @vikramwkarve: Retweeted RajivSharma (@rajivWORLD):

@vikramwkarve @ICICIBank_Care @RBI withdraw 400 Rs. at a time",miscellaneous
"ATM charges waived off.
Possibly 5 ATM usage per month abolished too. Yet to confirm. #IndiaFightsCorruption @TheOfficialSBI @RBI @HDFC_Bank",miscellaneous
"Dear @RBI, pls direct banks to prioritise refill of ATMs at hospital premises &amp; similar places

#DeMonetisation @ICICIBank @TheOfficialSBI",miscellaneous
@AxisBankSupport @RBI @PMOIndia Just 4 junior most staff working in Teller booth / 2 counters all other doing Chokidari.,displeasure
"Query
@RBI As I understand, cash deposit machines @ various banks e-lobbies should also accept old 5001000. No queue hassles
@bankofbaroda",miscellaneous
@RBI @YESBANK @AxisBank @HDFC_Bank @KotakBankLtd can you not fill your ATMs?,displeasure
RT @SrikantKumarGh1: @narendramodi @RBI @sidgsh1 @abpnewstv @TimesNow @TheOfficialSBI   sir what will the procedure to return the currency,miscellaneous
"@goyalsanjeev @narendramodi @arunjaitley @RBI @FinMinIndia @TheOfficialSBI @HDFC_Bank Midnight operations not advisable, robbery issues.",miscellaneous
@bankofbaroda @RBI bob chunabhatti br closed with shortage of csh bt nt even allwing deposit of cash.As per news banks ll remain open till 8,displeasure
@TheOfficialSBI @ICICIBank @allahabadbank4u @HDFC_Bank @RBI : Salute to all the employees for extending their service to the nation.,compliment
for those who have atm cards @TheOfficialSBI @RBI @arunjaitley https://t.co/uDMPEgOQR3,miscellaneous
@RBI @YESBANK @AxisBank @HDFC_Bank @KotakBankLtd I have to travel today for marriage of a relative &amp; have no money. #nomoney ... Contd3,displeasure
"@KotakBankLtd #InnovativeFraud Got 9950 instead of 1000 withdrawn @ AtmID-DLOW1732 with ICICI Card. @ICICIBank,@RBI pls help",displeasure
@HDFCBank_Cares @HDFC_Bank @RBI @DelhiPolice @CybercrimeCID not heard back fro you'll. Have you'll taken any action to stop these ppl?,miscellaneous
RT @smritimoy: Hardly any ATM working in Kolkata @TheOfficialSBI @HDFC_Bank @ICICIBank @RBI . Please help.,displeasure
"Whats next ? 

@narendramodi @RBI @PMOIndia @TheOfficialSBI @WorldBank https://t.co/BAsa3j8PKL",miscellaneous
"RT @ranganaathan: .@arunjaitley @RBI IE claims Southern states are neglected, @TheOfficialSBI officials inform media https://t.co/k6nFzC3Vtu",displeasure
@goyalsanjeev @jgopikrishnan70 @narendramodi @arunjaitley @RBI @FinMinIndia @TheOfficialSBI @HDFC_Bank CAs can do pro bono work as tellers,miscellaneous
Book this man for spreading Misinformation @DelhiPolice @arunjaitley @RBI @TheOfficialSBI @narendramodi @BJP4Delhi https://t.co/VBCZtDreKp,miscellaneous
@TheOfficialSBI branch at chandni chowk will open their bank at10 am . Huge crowd outside the bank @RBI  #CashCleanUp,displeasure
@PMOIndia @bankofbaroda @BankofBarodaCEO @narendramodi_in @narendramodi  @RBI my account is in icici gurgaon however I am working in Jaipur,miscellaneous
@TheOfficialSBI @DasShaktikanta @FinMinIndia @RBI @arunjaitley @PMOIndia @narendramodi  Allow Old Notes toPay BSNL&amp;Govt Bills till 31st Dec,miscellaneous
@Sanjay_Vis @narendramodi @RBI @TheOfficialSBI @AxisBank #PMO strike,miscellaneous
@RBI @narendramodi my req to u.plz ask banks to cooperate specially in villages where it takes 4-5 hrs to tak out money frm @TheOfficialSBI,miscellaneous
@TheOfficialSBI  SBI DRMO Katihar B.code 06550 Dnt knw Y ths branch closed at 5:50 Dnt undrstnd wat hpnd @narendramodi  @arunjaitley @RBI,miscellaneous
No security system seen to control the people @bankofbaroda @RBI https://t.co/3OLXdNCkte,displeasure
@RBI @narendramodi @AxisBank @TheOfficialSBI @mdpnb @ICICIBank @PMOIndia No proper planning and action plan on ATM is clearly visible.,displeasure
"@AxisBankSupport Pathetic service at Kndvli Br, Mumbai. In line 4 hrs. Only 3 tellers. 100 person given cash. @RBI @PMOIndia Pls take steps.",displeasure
@IndianExpress @RBI @KotakBankLtd and that is happening in financial capital of India.. Moreover Kotak people took their customers first,displeasure
"BankOfBaroda, Hayatnagar branch Harassing fr exchanging amounts less than 4k rupees.  @PMOIndia @RBI @bankofbaroda @WithCongress @BJP4India",displeasure
"@arunjaitley @PMOIndia @RBI PM @narendramodi s initiatives, objectives are defeated by jokers like these.Pl warn https://t.co/J3vF6pztS1",displeasure
@HDFCBank_Cares @RBI @PMOIndia Pl look in to matter today whole day ATM was not operative,displeasure
@RBI @narendramodi @AmarUjalaNews @TheOfficialSBI Please acknowledge. @FinMinIndia @arunjaitley @BJP4India https://t.co/EXl4hFsm9B,displeasure
@ICICIBank_Care @narendramodi @RBI @arunjaitley     this branch atm is not opened since yesterday till now 8.30am..,miscellaneous
"@DasShaktikanta sir, this may help to smoothening #demonetization.  @arjunrammeghwal @Ra_THORe @RBI @TheOfficialSBI https://t.co/NvPgpAzNZa",compliment
"Banks to remain open on Guru Parv in many states
#CashCleanUp 
#CashCrisis
#BJP 
@INCIndia 
@RBI
@TheOfficialSBI https://t.co/ny6zLqFpmS",miscellaneous
"Thanks to Indian Bankers for prompt action &amp; support 

@RBI @HDFC_Bank @ICICIBank @TheOfficialSBI @KotakBankLtd @IDBI_Bank @PMOIndia",compliment
"@ICICIBank @ICICIBank_Care @RBI @CNBC @TOIIndiaNews @aajtaknews @ZeeNews @BBCWorld Very very rude staff behavior, not acceptable.",displeasure
Dr is no watermark/LOGO of @TheOfficialSBI @RBI @arunjaitley @BJP4India @PMOIndia @MinhazMerchant @RatanSharda55 https://t.co/3qfhQysYAf,miscellaneous
Sir why the ATM's @HDFC_Bank @HDFCBank_Cares At Kolkata not fully operating @RBI @arunjaitley,displeasure
"@RBI @TheOfficialSBI @PMOIndia sbi bank refuse 2 exchange 500,1000 note,ppl sufer due to shortage of money.IFSC Code:SBIN0015923",displeasure
RT @goyalsanjeev: Sirs @narendramodi @arunjaitley @RBI @FinMinIndia @TheOfficialSBI @HDFC_Bank My 5 suggestions 4 making #CurrencyExchange,miscellaneous
"@KotakBankLtd Kotak Mahindra Bank, Cadbury junction, Thane refuses to exchange old notes for non customers of the bank @timesofindia @RBI",displeasure
@PMOIndia @bankofbaroda @BankofBarodaCEO @narendramodi_in @narendramodi @RBI sir BOB Durgapura-Jaipur branch refusing to exchange money.,displeasure
"Hi @pravinrp082, express ur dissatisfaction on https://t.co/DrAughKBtK  vll follow up wid #poorservice @HDFCBank_Cares @HDFC_Bank @RBI #VY",miscellaneous
@RBI @arunjaitley @TheOfficialSBI swipe ATM/Debit card at Teller counter and dispense manually which will be quick alongside ATM.,miscellaneous
"@RBI #trilingualpolicy 
All ATM r going tobe  RePROGG
Make sure in Maharashtra keep #Marathi option without fail @ICICIBank @TheOfficialSBI",miscellaneous
@RBI @TheOfficialSBI sent a note to sbi your employees aren't following RBI procedure and creating havoc arguments for customers ..,displeasure
"RT @anilkapur_: Dear @TheOfficialSBI is there a cap on accepting 25k deposit?
Hope you reply lest @RBI @FinMinIndia @arunjaitley'll https:/",displeasure
"@ksmkkbookscom @vikramwkarve @RBI @TheOfficialSBI @AxisBankSupport @ICICIBank_Care @HDFCBank_Cares 
ATMs should work sir.",displeasure
Why did Gandhiji's position on the notes for changed @RBI @TheOfficialSBI @AxisBank @ICICIBank @HDFC_Bank @RelianceMobile @bankofbaroda @,miscellaneous
"@narendramodi 
@TheOfficialSBI 
@RBI top trend on #Google 
#HowToConvertUrBlackMoneyInWhite
 https://t.co/5kwGLN7NU0",miscellaneous
@bankofbaroda @PMOIndia  Bank of Baroda don't want to follow the RBI guidelines on KYC.open false account.@RBI @CVCIndia   enquiry ?????,displeasure
@ICICIBank @ICICIBank_Care @RBI @CNBC @TOIIndiaNews @aajtaknews @ZeeNews @BBCWorld yesterday incident repeated again with 1 of my friend.,miscellaneous
"@RBI @RashtrapatiBhvn @narendramodi @TheOfficialSBI 
Salute Team Indian Banking Sector in helping Citizens in this transition. Gr8 Job",compliment
@kavyashree_p819 @RBI @KotakBankLtd.. we then got it done @OrientalBank and trust me it's was smooth. Thanks to https://t.co/xnd0xootui,compliment
@arunjaitley @RashtrapatiBhvn @narendramodi @TheOfficialSBI @RBI Can banks issue tokens instead of making citizens Que-up for hours,displeasure
@b50 Following intimation received from @KotakBankLtd @RBI https://t.co/JDF624nBiz,miscellaneous
@ICICIBank_Care @TheOfficialSBI @RBI Should think of collecting Rs. 500 &amp; 1000 notes from the consumers of respective banks from home.,miscellaneous
@KotakBankLtd Pls clarify if going to the court is the only solution left. Stupid bank with full of stupid people (2/2) @udaykotak @RBI,displeasure
"@ndtv @RBI why is @ICICIBank m block , Gk2 not allowing non gk 2, non wealth customers not to exchange notes. @ICICIBank_Care",miscellaneous
"Wishing all Bank Employees a ""PEACEFUL"" work day today!
@RBI @TheOfficialSBI @HDFC_Bank",miscellaneous
"@RBI  why is @ICICIBank m block , Gk2 not allowing non gk 2, non wealth customers not to exchange notes. @ICICIBank_Care",miscellaneous
"@RBI @arunjaitley @ICICIBank @ICICIBank_Care please look into it , who is incharge , this is not done .",displeasure
Swipe debitcard @PetrolPumps pay surcharge @RBIgovernor  @FinanceMinisterJaitley @HDFCBank_Cares  cant understand this logic.,displeasure
Sirs @narendramodi @arunjaitley @RBI @FinMinIndia @TheOfficialSBI @HDFC_Bank My 5 suggestions 4 making https://t.co/vXgRFkUE6o,miscellaneous
"@Swamy39 @FinMinIndia @RBI @TheOfficialSBI 
Accounts dormant,No sufficient Credits, should be monitored for 2 Lacs https://t.co/C33MQgtTrg",miscellaneous
"such type of pathetic service wasn't expected from @KotakBankLtd ..They ain't allowing us to withdrawal cash, hence creating Chaos. @RBI",displeasure
@Piyush_dube @RBI @TheOfficialSBI  Any bank.,miscellaneous
@RBI @TheOfficialSBI is this true? 2000 https://t.co/VeGIDtoRbQ,miscellaneous
Checked one ATM each of @TheOfficialSBI &amp; @mdpnb in #Palakkad #kerala No cash in it @RBI #DeMonetisation,displeasure
@RBI very bad arrangements by banks in small cities like Bareilly.Most ATMs closed. @HDFC_Bank @TheOfficialSBI https://t.co/TMUuWNO5Ms,displeasure
"@KotakBankLtd @udaykotak @RBI @arunjaitley @PMOIndia 
Video : https://t.co/xCyO3k8pOU",miscellaneous
"Total chaos in India. Running out of cash since demonetisation announced by @narendramodi 
Why ATMs closed till now? @RBI @TheOfficialSBI",displeasure
Why are banks closed on Monday? @RBI @arunjaitley @narendramodi @TheOfficialSBI https://t.co/gJ9PrxqpPe,displeasure
I would like to thanks all bank employees for working so late and helping us. @TheOfficialSBI  @AxisBank @RBI @ICICIBank @mdpnb @HDFC_Bank,compliment
@RBI @narendramodi @AxisBank @AxisBankSupport urgent requirement standing in long queue. Out of cheques. Axis Powai Mumbai,displeasure
@rahulkanwal can u plz confirm this notification given by @RBI . @TheOfficialSBI siddharth vihar extension branch p https://t.co/0r0fov5Wgt,miscellaneous
Kotak paota branch atm not giving money @RBI @KotakBankLtd,displeasure
"In que at 10.30 AM, still (17.30 PM) to get Rs 4,000 converted. Shame @ICICIBank @ICICIBank_Care @RBI @FinMinIndia https://t.co/AWr4sRtHuJ",displeasure
"@bankofbaroda @PMOIndia @RBI  PLEASE SAVE THE CUSTOMER FROM CORRUPTION.
SAVE THE BANK.........TAKE STRONGEST ACTION....BRKGBank, Rajasthan",compliment
@RBI @narendramodi @AxisBank @AxisBankSupport urgent requirement standing in long queue. Out of cheques. Axis Powai Mumbai,displeasure
@rahulkanwal can u plz confirm this notification given by @RBI . @TheOfficialSBI siddharth vihar extension branch p https://t.co/0r0fov5Wgt,miscellaneous
Kotak paota branch atm not giving money @RBI @KotakBankLtd,displeasure
"In que at 10.30 AM, still (17.30 PM) to get Rs 4,000 converted. Shame @ICICIBank @ICICIBank_Care @RBI @FinMinIndia https://t.co/AWr4sRtHuJ",displeasure
"@bankofbaroda @PMOIndia @RBI  PLEASE SAVE THE CUSTOMER FROM CORRUPTION.
SAVE THE BANK.........TAKE STRONGEST ACTION....BRKGBank, Rajasthan",compliment
My Money from My Bank Account can't have it. Wahh! #AcheDin #ModiSarkar @RBI @SBIofficial @TheOfficialSBI https://t.co/sghycxtwD9,compliment
@RBI @bankofbaroda  bob refuse to exchange the note they told 15 days once u can exchange as per rbi rules.,displeasure
"Impressed with @KotakBankLtd @udaykotak chembur branch staff they are very polite, helpful offering water, tea and seating to seniors @RBI",compliment
@arunjaitley @narendramodi @RBI @manoharparrikar @TheOfficialSBI @FinMinIndia No reply from any official great work by officials,compliment
@PMOIndia @RBI @TheOfficialSBI  . Long lines with long faces outside ATM's anytime of the day .Please change it .Citizens counting on you.,displeasure
"@bankofbaroda if u own acc in our branch then only, we will exchange ur amount Rs 4000/ cc @RBI @arunjaitley",miscellaneous
"#KotakMahindraBank Gets #RBI Approval to Open its First #OverseasBranch
https://t.co/8ZRdDMvyTt @KotakBankLtd
@udaykotak
 @RBI

 @DIFC",compliment
@HDFC_Bank @HDFCBank_Cares @RBI . Why hdfc is not working is jot working till 6:00pm as many other banks working till 6:00pm today and tom.,displeasure
@RBI @unionbankofIN @Indianoverseasb  @TheOfficialSBI situation at Birati Kolkata 700051 on Saturday right now https://t.co/cuwDg3Q9Ed,miscellaneous
"@FinMinIndia @narendramodi, @SushmaSwaraj @RBI @TheOfficialSBI Any clarity on what NRIs should do with 500/1000 notes. Thanks #WhatAboutNRIs",miscellaneous
"@BJP4India @AmitShah @narendramodi @PMOIndia @narendramodi_in @rajnathsingh @RBI @TheOfficialSBI 
Very bed conditio https://t.co/b1W8IYVDRt",displeasure
@RBI @YESBANK @AxisBank @HDFC_Bank @KotakBankLtd @narendramodi even RBI helpline number is not picked up.,displeasure
RT @cityboylk: @ICICIBank_Care @ICICIBank @UfterYou @RBI whn repo rate is reduced. Does tht mean consumers wuld pay same EMI. Excuses that,miscellaneous
"Is this even true, please confirm @RBI @TheOfficialSBI @PMOIndia @narendramodi @ANI_news @arunjaitley @AxisBank https://t.co/vEYJ9Cp1XP",miscellaneous
"@RBI Plz ask all the banks to refill the ATMs again?
@HDFCBank_Cares @AxisBankSupport @TheOfficialSBI @ICICIBank_Care @CitibankIN",displeasure
Yet so many poor families do not have bank account. @narendramodi @PMOIndia @arunjaitley @RBI @TheOfficialSBI https://t.co/p99zYLRGIW,miscellaneous
@AxisBankSupport no where in @RBI circular it is mentioned. Please let us know if mentioned.,miscellaneous
@RBI @TheOfficialSBI @ICICIBank_Care @HDFC_Bank @VijayaBankIndia No #ATM operational #raipur ..Plz start the services ASAP,displeasure
@AxisBankSupport @RBI been submitted 2 times in last one month.,miscellaneous
@RBI_India @TheOfficialSBI utter chaos at ATM's...sir can't u press multiple mobile ATM's into service at various places in cities&amp; towns,displeasure
@bankofbaroda @UnionBankTweets @allahabadbank4u @RBI Still atms are not working,displeasure
"shake off hang over of #byebyeblackmoney party with this https://t.co/MnfCnSlvle
 @FinMinIndia @DG_PIB @RBI https://t.co/7XGEypM5G0",compliment
@RBI @ICICIBank @ICICIBank_Care @PMOIndia  i cant understant if timing is 8pm then y icici shut down the bank now. Ambedkar road ghaziabad,displeasure
@PMOIndia @narendramodi @FinMinIndia @RBI ATMs of all banks r closed in Kanpur.v need  @TheOfficialSBI @AxisBank @bankofbaroda @mdpnb,displeasure
@ICICIBank_Care @ICICIBank @RBI @arunjaitley could u answer above questions.,miscellaneous
"@TRAI @rsprasad @bihar_police @TheOfficialSBI @RBI @DelhiPolice Because Law enforcers rarely take suo-moto action &amp; waits for complaints
1/1",miscellaneous
@HDFCBank_Cares @HDFC_Bank @timesofindia  for further reference? @RBI @arunjaitley https://t.co/JPnNrhdivy,miscellaneous
@narendramodi @ICICIBank @TheOfficialSBI @bankofbaroda @RBI   To reduce the line in ATM and in Bank start Odd Even account no and card no.,compliment
"@RBI @PMOIndia Sir, today @HDFC_Bank had no cash for the exchange or withdrawal. Please help! @HDFCBank_Cares @FinMinIndia  @narendramodi",displeasure
@TheOfficialSBI @RBI  sbi branch San Jose is clueless &amp; has no instructions as to how can they help us in exchanging the old notes for new,displeasure
@BankOfBaroda Your cash counter staffs are very rude &amp; unhelpful towards people depositing Rs 500 &amp; Rs 1000. DM'ing Details. @RBI,displeasure
@KotakBankLtd @RBI @narendramodi @aajtak @ZeeNews @ndtvindia @KotakBankLtd pls refer Question 18 in this link https://t.co/xYo5ewwZA2,miscellaneous
"WHO ARE RUNNING OUT OF MONEY? More the people!!
I think for the first time @RBI and @TheOfficialSBI @AxisBank @ICICIBank @HDFC_Bank ",displeasure
"@TheOfficialSBI SBI online banking means session expired, Transaction always failed. and not any responded from complaint dept. @RBI",displeasure
"@TheHindu @timesofindia @htTweets @RBI @TheOfficialSBI please enable UPI (unified payment interface) in all banks,",displeasure
"@RBI @TheOfficialSBI visited SBI anushaktinagar branch, 2 cashier only and 1 cashier is taking 3-5 min for 1 person. So slow... Any action.",displeasure
@HDFCBank_Cares Please advise whether deposit accepted for 3rd person a/c on the basis of depositor's own I'd under core banking @RBI,miscellaneous
"1/1 BoB CBD Belapur is asking for Photocopy of ID card also for Note exchange, even if I show  @RBI,@bankofbaroda, @FINMINIDIA, @pmoindia",miscellaneous
Rs.2000/day ATM withdrawal is fine. But please withdraw the charges after Free Transactions. @RBI @AxisBank @AxisBankSupport,miscellaneous
@KotakBankLtd @RBI @PMOIndia @FinMinIndia @arunjaitley do something...  It's easy to impose deadlines without thinking of logistics,displeasure
@RBI_India @RBI @TheOfficialSBI Banking Hrs 10 to 3 for SBI Majhiawan (Code 17074). No Cash. Atm not working 1/2,displeasure
"@_garrywalia @attorneybharti 
Attention @RBI @arunjaitley @AxisBank @AxisBankSupport",displeasure
@sankrant @smritiirani Big salute to bank employees @RBI @TheOfficialSBI @PMOIndia,compliment
@RBI @TheOfficialSBI  i have some cash with me here in Canada and m a Student .bank isn't accepting.please respond,displeasure
RT @viru15: @TajinderBagga @Jangid Great work by all so bank and banker working #sunday @TheOfficialSBI @RBI,compliment
@IamNAVED @RBI @AxisBank @ICICIBank @TheOfficialSBI @mdpnb sir please load at least 100rs notes whr we can see some ease,miscellaneous
@TheOfficialSBI @RBI In order to reduce queue&amp; for quick transaction in ATM we should show quick withdraw option just after putting the PIN.,miscellaneous
@HDFCBank_Cares  why don't you close this account banks agenda to  earn money out of it .@RBI https://t.co/1tumVjQXVc,miscellaneous
"@RBI @PMOIndia @TheOfficialSBI @arunjaitley please enable UPI (unified payment interface) in all banks, presently SBI doesn't have",displeasure
@ICICIBank_Care @ICICIBank @UfterYou @RBI whn repo rate is reduced. Does tht mean consumers wuld pay same EMI. Excuses that tenure reducd,miscellaneous
"Of 10 ATMs ive been to so far, including @ICICIBank, nt one has cash
@TheOfficialSBI accepting only SBI card.
@PMOIndia, @RBI what do i do?",displeasure
@KotakBankLtd @RBI @PMOIndia @FinMinIndia now as line in growing bigger..  Kodak customers getting preferential treatment at lower Parel bch,displeasure
@RBI @ICICIBank_Care karelibaug icici  branch employees not supporting for exchange / deposit.,displeasure
"@arjunrammeghwal @KotakBankLtd @RBI , Sir from yesterday Morning KMB ATM's Shutter also not https://t.co/voUqUkrnYm https://t.co/BUygPIXsue",displeasure
RT @AZHAppu: https://t.co/TL6KD8xbuy  Do you Know Delhi CM  is doing Anti National Act @RBI @TheOfficialSBI,compliment
"@KotakBankLtd @udaykotak RT Nagar Blore Brn dnt entrtain appl fr note xchnge, told will  xchge only 2000 INR against  4K @RBI @FinMinIndia",miscellaneous
"@bankofbaroda pl clear ur status. U will exchange Rs 4000 or not, if we don't own acc in the same branch, we exchanging  @RBI @arunjaitley",miscellaneous
RT @niraj92: @RBI @TheOfficialSBI @HDFC_Bank below advice for your urgent attention.. pls start mobile ATM. It will distribute money faster,miscellaneous
@RBI @TheOfficialSBI hyderabad Airport SBI and Karur Vyasa ATM is not dispensing cash.,displeasure
@KotakBankLtd @RBI how much new currency was alloted to kotak branch 000426? the exch process was very slow #somethingfishy #DeMonetisation,displeasure
"Daily labourers are suffered #moneylesscrisis
@FinMinIndia @arunjaitley @RBI @TheOfficialSBI @ANI_news https://t.co/NOmxErTRco",displeasure
"@RBI @arunjaitley why is @ICICIBank m block , Gk2 not allowing non gk 2, non wealth customers not to exchange notes. @ICICIBank_Care",miscellaneous
"RT @Sauravv2: When the whole nation is suffering, why the special treatment for MPs?
@TheOfficialSBI @RBI  @arunjaitley https://t.co/Jo9T6k",displeasure
@RBI @FinMinIndia @PMOIndia @ICICIBank_Care @KotakBankLtd many ATM around my area are closed..why can't u run 24hrs 3 shift to service cust,displeasure
A #blackday on all the #BlackMoney holders. #PMModi #goodjob #endcorruption @narendramodi @RBI @BJP4India @AxisBank @TheOfficialSBI,compliment
@RBI @KotakBankLtd @narendramodi_in @narendramodi Don't Need Miney . Give Resolution N try 2 Understand V r salaried V r not Black owners,displeasure
@PMOIndia @narendramodi @RBI @TheOfficialSBI Demonetization-grt move bt aftrmath nt well controld.Need availability of new money n 100. help,displeasure
"@TheOfficialSBI Arrange #MoneyVans of all banks in public places like ""Ramlila Maidan"" Set exchange counters only, will help a lot. @RBI",miscellaneous
Kaikondrahalli bangalore branch manager very rude.  @RBI server down people angry. #SBI @TheOfficialSBI,displeasure
"@mediacrooks we don't need ATM to dispense those new 2k notes. We need 100 rs notes. so fill with 100,50. @RBI @TheOfficialSBI @arunjaitley",displeasure
RT @manichejain: Dear @RBI please note @KotakBankLtd is intentionally causing harassment to the people for exchanging currency notes https:,displeasure
problems for regular customers @HDFCBank_Cares continue @narendramodi @FinMinIndia @RBI @UrjitPatelRBI #adityapuri https://t.co/kVdnZxvPXO,displeasure
@TheOfficialSBI  Atm working but no cash since yesterday Atm Id -727261 @RBI @arunjaitley,displeasure
"@TheOfficialSBI  u r unnecessarily inconveniencing your customers. 1st thing after return to India, I'll close my SBI account @RBI @PMOIndia",displeasure
@ICICIBank @Indiapnb @YESBANK @MyIndusIndBank @StanChart @KotakBankLtd @TheOfficialSBI not a single atm is wrking sec 53 guru gram @RBI,displeasure
@TheOfficialSBI @RBI @FinMinIndia an aged man @ thane died in SBI bank due to insensitivity &amp; SBI's poor banking structure #worstbankSBI,displeasure
@RBI @RBIgovernor @HDFC_Bank @TheOfficialSBI - how to avoid this problem? https://t.co/oEUSqnycBa,miscellaneous
Swipe debitcard @PetrolPumps pay surcharge @RBIgovernor  @FinanceMinisterJaitley @HDFCBank_Cares  cant understand this logic.,displeasure
"@TheOfficialSBI CHENNAI branch entertaining ONLY der CUSTOMERS for denomination exchange.
@narendramodi @UrjitPatelRBI #Rs500andRs1000",displeasure
@narendramodi @HDFCBank_Cares @UrjitPatelRBI no proper system in the banks. No correct information. No exchange for Minors. Stupid decision,displeasure
"RT @hussainq11: @TheOfficialSBI entertaining ONLY der CUSTOMERS for denomination exchange.
@narendramodi @UrjitPatelRBI #News18India  #Curr",displeasure
"@TheOfficialSBI @canarabanktweet @UrjitPatelRBI Sir,all Bank branches in the grip of note changing mafia coming with 100s of farm and men",miscellaneous
@UrjitPatelRBI @narendramodi @arunjaitley @TheOfficialSBI..I request to make all bank atm transtation limit free up to 31 Dec.,miscellaneous
"@TheOfficialSBI entertaining ONLY der CUSTOMERS for denomination exchange.
@narendramodi @UrjitPatelRBI #Rs500andRs1000 #PaisaPaisaNaRaha",displeasure
@HDFCBank_Cares Bank Dwarka Sec 14 closed at 15:30 hrs. Staff entertaining their frnds/relatives. Not a good service @RBI @UrjitPatelRBI,displeasure
problems for regular customers @HDFCBank_Cares continue @narendramodi @FinMinIndia @RBI @UrjitPatelRBI #adityapuri https://t.co/kVdnZxvPXO,displeasure
This is why Mr Modi did all but Mr Manmohan didn't dare. @INCIndia @BJP4India @babita_kar @rbi #rbi @TheOfficialSBI https://t.co/B1fpLTzL93,compliment
RT @thomson_v: @HDFC_Bank @HDFCBank_Cares - Problem with a CPOB HL and get no support from your support nos. Can someone help. ????? @rbi,displeasure
"Things you should know and be clear.
@rbi @TheOfficialSBI @SBICard_Connect 

#ModiFightsCorruption #corruption https://t.co/QqR76sIiWj",compliment
@ICICIBank_Care @ICICIBank @rbi much organised effort today ! Finally able to do transaction ....,compliment
"@rbi @FinMinIndia @TheOfficialSBI @AxisBank @HDFC_Bank @PMOIndia 

Pse set up portable PoS at ATM site for two days.

 #___",miscellaneous
"@rbi @sbi_india @TheOfficialSBI
BI Patna chankya law university branch refuse to deposit amount in other branch of SBI.@RBI",miscellaneous
"@HDFCBank_Cares @rbi where I need to send this all trail mail and required details.
Pls do something,this happened twice within 8 months.",displeasure
